Código,Título principal,Responsable,ISBN-13,Publisher,Año publicación
000001,El Aleph,"Borges, Jorge Luis",9789500723459,Emecé,1949
000002,Rayuela,"Cortázar, Julio",9788437604947,Alfaguara,1963
000003,Don Quijote de la Mancha,"Cervantes, Miguel de",9788420412146,Alfaguara,1605
000004,Cien años de soledad,"García Márquez, Gabriel",9789875661233,Sudamericana,1967
000005,La invención de Morel,"Bioy Casares, Adolfo",9788420471839,Alianza,1940
000006,Bestiario,"Cortázar, Julio",9788433978011,Alfaguara,1951
000007,El túnel,"Sabato, Ernesto",9789500723473,Planeta,1948
000008,,"Bioy Casares, Adolfo",,Emecé,1953
000009,El Aleph,"Borges, Jorge Luis",9789500723459,Emecé,1949
000010,Final del juego,"Cortazar, Julio",9789500723466,Alfaguara,1956