001,autor
000001,"Borges, Jorge Luis"
000002,"Cortázar, Julio"
000003,"García Márquez, Gabriel"
000004,"Sábato, Ernesto"
000005,"Allende, Isabel"
000006,"Saramago, José"
000007,"Eco, Umberto"
000008,"Freire, Paulo"
000009,"Bauman, Zygmunt"
000010,"Bourdieu, Pierre"
000011,"Foucault, Michel"
000012,"Piaget, Jean"
000013,"Vygotsky, Lev S."
000014,"Castells, Manuel"
000015,"Drucker, Peter F."
000016,"Kotler, Philip"
000017,"Pressman, Roger S."
000018,"Silberschatz, Abraham"
000019,"Tanenbaum, Andrew S."
000020,"Russell, Stuart"
000021,"Borges, Jorge Luis"
000022,"Cortázar, Julio"
000023,"García Márquez, Gabriel"
000024,"Sábato, Ernesto"
000025,"Allende, Isabel"
000026,"Saramago, José"
000027,"Eco, Umberto"
000028,"Freire, Paulo"
000029,"Bauman, Zygmunt"
000030,"Bourdieu, Pierre"
000031,"Foucault, Michel"
000032,"Piaget, Jean"
000033,"Vygotsky, Lev S."
000034,"Castells, Manuel"
000035,"Drucker, Peter F."
000036,"Kotler, Philip"
000037,"Pressman, Roger S."
000038,"Silberschatz, Abraham"
000039,"Tanenbaum, Andrew S."
000040,"Russell, Stuart"
000041,"Borges, Jorge Luis"
000042,"Cortázar, Julio"
000043,"García Márquez, Gabriel"
000044,"Sábato, Ernesto"
000045,"Allende, Isabel"
000046,"Saramago, José"
000047,"Eco, Umberto"
000048,"Freire, Paulo"
000049,"Bauman, Zygmunt"
000050,"Bourdieu, Pierre"
000051,"Foucault, Michel"
000052,"Russell, Stuart"
000053,"Vygotsky, Lev S."
000054,"Castells, Manuel"
000055,"Drucker, Peter F."
000056,"Kotler, Philip"
000057,"Pressman, Roger S."
000058,"Silberschatz, Abraham"
000059,"Tanenbaum, Andrew S."
000060,"Russell, Stuart"
000061,"Borges, Jorge Luis"
000062,"Cortázar, Julio"
000063,"García Márquez, Gabriel"
000064,"Sábato, Ernesto"
000065,"Allende, Isabel"
000066,"Saramago, José"
000067,"Eco, Umberto"
000068,"Freire, Paulo"
000069,"Bauman, Zygmunt"
000070,"Bourdieu, Pierre"
000071,"Foucault, Michel"
000072,"Piaget, Jean"
000073,"Vygotsky, Lev S."
000074,"Castells, Manuel"
000075,"Drucker, Peter F."
000076,"Kotler, Philip"
000077,"Pressman, Roger S."
000078,"Silberschatz, Abraham"
000079,"Tanenbaum, Andrew S."
000080,"Russell, Stuart"
000081,"Borges, Jorge Luis"
000082,"Cortázar, Julio"
000083,"García Márquez, Gabriel"
000084,"Sábato, Ernesto"
000085,"Allende, Isabel"
000086,"Saramago, José"
000087,"Eco, Umberto"
000088,"Freire, Paulo"
000089,"Bauman, Zygmunt"
000090,"Bourdieu, Pierre"
000091,"Foucault, Michel"
000092,"Piaget, Jean"
000093,"Vygotsky, Lev S."
000094,"Castells, Manuel"
000095,"Drucker, Peter F."
000096,"Kotler, Philip"
000097,"Pressman, Roger S."
000098,"Silberschatz, Abraham"
000099,"Tanenbaum, Andrew S."
000100,"Russell, Stuart"
000101,"Borges, Jorge Luis"
000102,"Cortázar, Julio"
000103,"García Márquez, Gabriel"
000104,"Sábato, Ernesto"
000105,"Allende, Isabel"
000106,"Saramago, José"
000107,"Eco, Umberto"
000108,"Freire, Paulo"
000109,"Bauman, Zygmunt"
000110,"Bourdieu, Pierre"
000111,"Foucault, Michel"
000112,"Piaget, Jean"
000113,"Vygotsky, Lev S."
000114,"Castells, Manuel"
000115,"Drucker, Peter F."
000116,"Kotler, Philip"
000117,"Pressman, Roger S."
000118,"Saramago, José"
000119,"Tanenbaum, Andrew S."
000120,"Russell, Stuart"
000121,"Borges, Jorge Luis"
000122,"Cortázar, Julio"
000123,"García Márquez, Gabriel"
000124,"Sábato, Ernesto"
000125,"Allende, Isabel"
000126,"Saramago, José"
000127,"Eco, Umberto"
000128,"Freire, Paulo"
000129,"Bauman, Zygmunt"
000130,"Bourdieu, Pierre"
000131,"Foucault, Michel"
000132,"Piaget, Jean"
000133,"Vygotsky, Lev S."
000134,"Castells, Manuel"
000135,"Drucker, Peter F."
000136,"Kotler, Philip"
000137,"Pressman, Roger S."
000138,"Silberschatz, Abraham"
000139,"Tanenbaum, Andrew S."
000140,"Russell, Stuart"
000141,"Borges, Jorge Luis"
000142,"Cortázar, Julio"
000143,"García Márquez, Gabriel"
000144,"Sábato, Ernesto"
000145,"Allende, Isabel"
000146,"Saramago, José"
000147,"Eco, Umberto"
000148,"Freire, Paulo"
000149,"Bauman, Zygmunt"
000150,"Bourdieu, Pierre"
000151,"Foucault, Michel"
000152,"Piaget, Jean"
000153,"Vygotsky, Lev S."
000154,"Castells, Manuel"
000155,"Drucker, Peter F."
000156,"Kotler, Philip"
000157,"Pressman, Roger S."
000158,"Silberschatz, Abraham"
000159,"Tanenbaum, Andrew S."
000160,"Russell, Stuart"
000161,"Borges, Jorge Luis"
000162,"Cortázar, Julio"
000163,"García Márquez, Gabriel"
000164,"Sábato, Ernesto"
000165,"Allende, Isabel"
000166,"Saramago, José"
000167,"Eco, Umberto"
000168,"Freire, Paulo"
000169,"Bauman, Zygmunt"
000170,"Bourdieu, Pierre"
000171,"Foucault, Michel"
000172,"Piaget, Jean"
000173,"Vygotsky, Lev S."
000174,"Castells, Manuel"
000175,"Drucker, Peter F."
000176,"Kotler, Philip"
000177,"Pressman, Roger S."
000178,"Silberschatz, Abraham"
000179,"Tanenbaum, Andrew S."
000180,"Russell, Stuart"
000181,"Borges, Jorge Luis"
000182,"Cortázar, Julio"
000183,"García Márquez, Gabriel"
000184,"Sábato, Ernesto"
000185,"Allende, Isabel"
000186,"Saramago, José"
000187,"Eco, Umberto"
000188,"Freire, Paulo"
000189,"Bauman, Zygmunt"
000190,"Bourdieu, Pierre"
000191,"Foucault, Michel"
000192,"Piaget, Jean"
000193,"Vygotsky, Lev S."
000194,"Castells, Manuel"
000195,"Drucker, Peter F."
000196,"Kotler, Philip"
000197,"Pressman, Roger S."
000198,"Silberschatz, Abraham"
000199,"Tanenbaum, Andrew S."
000200,"Russell, Stuart"
